{
    "plugins": [
        "mobi.monaca.plugins.Monaca"
    ],
    "framework_version": "3.5",
    "xcode_version": "6",
    "cordova_version": "5.2",
    "plugin_settings": [],
    "external_plugins": [
        "cordova-plugin-whitelist@1.0.0",
        "cordova-plugin-splashscreen@2.1.0"
    ],
    "title-ja": "",
    "title-en": "MCSP",
    "description-ja": "",
    "description-en": "Myanmar Catholic Songs and Prayers",
    "category": "User Template",
    "platform": [
        "android",
        "ios",
        "winrt"
    ],
    "name": "generated-1495522651-56f6289b7e2193a4176f0755"
}